Bus,VMag_pu,VAng_deg,Pg_MW,Qg_MVAr,Pd_MW,Qd_MVAr
1,1.022,0.0,134.27,35.33,110.00000000000001,40.0
2,0.935,11.307,183.35,3.91,110.00000000000001,40.0
3,0.9,343.466,0.0,6.89,95.0,50.0
