Bus,VMag_pu,VAng_deg,Pg_MW,Qg_MVAr,Pd_MW,Qd_MVAr
1,1.037,0.0,132.27,25.18,110.00000000000001,40.0
2,0.978,10.735,185.01,1.29,110.00000000000001,40.0
3,0.948,-15.051,0.0,4.76,95.0,50.0
