Bus,VMag_pu,VAng_deg,Pg_MW,Qg_MVAr,Pd_MW,Qd_MVAr
1,1.065,0.0,137.9,46.88,110.00000000000001,40.0
2,0.929,10.545,180.2,0.99,110.00000000000001,40.0
3,0.898,-16.48,0.0,1.91,95.0,50.0
