Bus,VMag_pu,VAng_deg,Pg_MW,Qg_MVAr,Pd_MW,Qd_MVAr
1,1.082,0.0,139.92,54.18,110.00000000000001,40.0
2,0.925,10.463,178.95,5.38,110.00000000000001,40.0
3,0.893,-16.635,0.0,2.56,95.0,50.0
