Bus,VMag_pu,VAng_deg,Pg_MW,Qg_MVAr,Pd_MW,Qd_MVAr
1,1.069,0.0,131.09,17.03,110.00000000000001,40.0
2,1.028,9.916,185.93,-3.51,110.00000000000001,40.0
3,1.001,-13.56,0.0,0.05,95.0,50.0
